"MC","","1","The Neolithic Agricultural Revolution is best defined as","2","the migration of hunter-forager bands out of Africa and across Eurasia.","the shift from hunting and gathering to settled agriculture.","the invention of writing in order to record surplus grain.","the domestication of the camel, which opened desert trade routes."
"MC","","1","Which combination of geographic conditions best explains why agriculture began in the Fertile Crescent rather than in the surrounding regions?","4","Accessible gold deposits, nearby salt mines, and established caravan routes.","High altitude, terraced slopes, and herds of domesticable llamas.","Deep natural harbours, predictable coastal winds, and dense hardwood forests suitable for building ships and ploughs.","Fresh water for irrigation, fertile soil, and the wild ancestors of domesticable plants and animals."
"MC","","1","An agricultural surplus most directly enabled which of the following?","1","Job specialization, because not everyone had to farm.","A more varied and nutritious diet than foraging had provided.","The end of patriarchy and hereditary social class.","Nomadic pastoralism on the Eurasian steppe."
"MC","","1","Pastoralism developed as a way of life primarily in environments that","3","were cut off from contact with settled agricultural societies.","received too much rainfall for grain to ripen.","were too dry and open to support reliable farming.","had no domesticable animal species at all."
"MC","","1","Confucianism became the content of China's civil service examination primarily because it","3","promised salvation after death to anyone who studied its scriptures, regardless of birth or wealth.","rejected the emperor's authority in favour of local self-rule.","prized education and merit and defined duties within a hierarchy of relationships.","taught wu wei, effortless action, as the correct principle of government."
"MC","","1","Buddhism spread far beyond South Asia while Hinduism remained more rooted there largely because Buddhism","2","was carried outward by the armies of rulers who conquered neighbouring kingdoms and imposed it.","offered a path to enlightenment open to anyone regardless of caste.","rejected monasteries, which made it cheaper to spread.","was adopted as the official religion of the Roman Empire."
"MC","","1","After Rome destroyed the Second Temple in 70 CE, Jewish worship shifted toward the synagogue, the study of Torah, and the authority of rabbis. This shift mattered historically because it","4","ended Jewish participation in the long-distance trade of the Mediterranean and the Indian Ocean.","merged Judaism with early Christianity.","converted much of the Roman elite to Judaism.","made Jewish religious life portable across the diaspora."
"MC","","1","Chan Buddhism absorbing Daoist aesthetics in China, Islam in Mali retaining Mande griot traditions, and Ethiopian Christianity maintaining its own biblical canon are all examples of","1","syncretism.","state adoption of a religion.","missionary conquest.","monotheism."
"MC","","1","The Mandate of Heaven functioned as a tool of rule in Han China because it","3","made dynastic authority hereditary and unconditional, so that once a house held the throne it could not lawfully be removed.","granted the emperor divine status equal to that of the gods.","tied legitimacy to just rule and treated disaster or rebellion as evidence that Heaven had withdrawn it.","gave officials lifetime tenure regardless of their performance."
"MC","","1","Rome's gradual extension of citizenship differed from Persian and Han practice because it","1","gave conquered peoples a legal stake in the state that ruled them.","abolished slavery throughout the provinces.","required conquered peoples to abandon their local religions and adopt the imperial cult of the emperor.","selected provincial officials by written examination."
"MC","","1","Athenian democracy in the fifth century BCE is best described as","2","representative government in which all adult residents of the city elected officials to speak for them in the assembly.","direct rule by free adult male citizens, excluding women, enslaved people and resident foreigners.","an oligarchy in which a small militarized elite governed.","rule by a King of Kings who delegated authority to regional governors."
"MC","","1","The Indian Ocean trade network depended most directly on","4","a network of caravanserais offering shelter and water.","Roman roads linking Mediterranean ports to the interior.","the North Arabian camel saddle.","monsoon winds that reverse direction with the seasons."
"MC","","1","The adoption of the North Arabian camel saddle, around 300 CE, mattered because it","1","turned the Sahara from a barrier into a trade corridor.","carried papermaking technology into the Islamic world.","made two rice harvests a year possible in the Yangtze Delta.","allowed ships to sail against the monsoon for the first time."
"MC","","1","Which statement best describes Europe's position in the world at c.1200?","3","Cut off from Mediterranean commerce and from contact with the Islamic world.","The wealthiest and most commercially sophisticated region on earth.","Peripheral by most economic and intellectual measures compared with Dar al-Islam and East Asia.","Politically unified under a single Christian empire governing from the Atlantic coast to the Black Sea and the Baltic."
"MC","","1","The Americas at c.1200 differed from Afro-Eurasia most significantly in that they","2","had developed no systems of writing or record-keeping of any kind.","developed complex societies without horses, large draft animals, or exposure to the Eurasian disease pool.","were ruled by a single empire whose authority stretched from Cahokia on the Mississippi to the Andean highlands.","contained no cities and no long-distance exchange."
"MC","","1","Which statement best describes Dar al-Islam at c.1200?","4","In steep intellectual decline, since the collapse of the madrasa system and its waqf endowments had ended organized scholarship across the Islamic world.","Confined to the Arabian peninsula and excluded from Indian Ocean trade.","Politically unified under an Abbasid caliph who held both religious and military power.","Politically fragmented, with the Abbasid caliph holding symbolic authority while Seljuk Turks governed, yet intellectually at a peak."
"MC","","1","SOURCE: The Nile River and its delta, photographed from orbit

NASA, via Wikimedia Commons. Used in Foundations 1, Evidence Lab.

The photograph shows the Nile from space. A narrow ribbon of dark green vegetation follows the river for hundreds of kilometres, widening into a fan-shaped delta at the Mediterranean. On either side of that ribbon, in every direction, the land is the pale brown of the Sahara. The green is a few kilometres wide in places. The desert runs to the horizon.

The image most directly supports which claim about early agriculture?","2","Farming spread outward from a single point of origin in the Nile valley to the other river valleys of Afro-Eurasia.","Geographic conditions concentrated agriculture into a narrow zone within an otherwise hostile environment.","Desert environments were as productive for farming as river floodplains.","Egyptian farmers depended on rainfall rather than on river water."
"MC","","1","SOURCE: The Nile River and its delta, photographed from orbit

NASA, via Wikimedia Commons. Used in Foundations 1, Evidence Lab.

The photograph shows the Nile from space. A narrow ribbon of dark green vegetation follows the river for hundreds of kilometres, widening into a fan-shaped delta at the Mediterranean. On either side of that ribbon, in every direction, the land is the pale brown of the Sahara. The green is a few kilometres wide in places. The desert runs to the horizon.

Which mechanism best explains why the green zone visible in the image could support cities while the surrounding land could not?","1","The river's annual flood supplied irrigation water and deposited fertile soil across the floodplain each year.","The deserts on either side sheltered the floodplain from invasion, which allowed its population to grow undisturbed for centuries.","The delta gave Egyptian farmers direct access to Mediterranean grain markets.","The river allowed farmers to move their fields whenever soil fertility declined."
"MC","","1","SOURCE: The Nile River and its delta, photographed from orbit

NASA, via Wikimedia Commons. Used in Foundations 1, Evidence Lab.

The photograph shows the Nile from space. A narrow ribbon of dark green vegetation follows the river for hundreds of kilometres, widening into a fan-shaped delta at the Mediterranean. On either side of that ribbon, in every direction, the land is the pale brown of the Sahara. The green is a few kilometres wide in places. The desert runs to the horizon.

A historian uses this image to argue that geography is a cause but not a destiny. Which addition to the argument best supports that distinction?","4","Noting that the Sahara later became a corridor for camel caravans.","Noting that the Nile flood was more predictable than the flooding of the Tigris and Euphrates.","Noting that the other great river valleys, including the Indus and the Huang He, produced early civilizations of their own on the same pattern.","Noting that the same floodplain supported a state only once people organized irrigation works, labour and the storage of grain."
"MC","","1","SOURCE: Map: the origin and spread of Buddhism across Asia

World History Encyclopedia (worldhistory.org). Used in Foundations 2, Map and Geography Check.

A shaded block on the Gangetic plain marks the origin zone, 5th to 4th century BCE, with Bodh Gaya and Sarnath inside it. Coloured arrows leave that zone in three sets. Red arrows, from the 3rd century BCE, run south to Sri Lanka and then across the Bay of Bengal to the Pyu city-states, Bagan, and the Thai and Khmer mainland. Purple arrows, from the 1st century BCE or CE, run northwest through Gandhara and Bactria and then east along the Silk Road oases of Kashgar, Khotan, Kucha and Dunhuang into Han China, and later to Korea and Japan; a second purple track goes by sea to Champa, Funan and Srivijaya. Blue arrows, from the 7th century CE, leave the monastic universities of Nalanda, Vikramasila and Odantapura for Tibet, and much later for Mongolia. A pale band across Central Asia is labelled as the overland Silk Road and identified as a major conduit of transmission.

The map carries its own note: dates mark the earliest known establishment or a strong presence, not continuous dominance; the arrows are broad pathways built from pilgrimage, trade, monastic networks, translation and royal patronage rather than single journeys; and the three traditions are drawn separately for clarity even though they developed gradually and overlapped in the same regions for centuries.

The routes shown on the map indicate that Buddhism spread principally through","3","maritime routes alone, since the overland passes were impassable.","the conquests of Buddhist rulers over neighbouring states.","merchants, monks, pilgrims, translators and rulers who funded monasteries.","the forced resettlement of Buddhist populations into new territories by imperial governments."
"MC","","1","SOURCE: Map: the origin and spread of Buddhism across Asia

World History Encyclopedia (worldhistory.org). Used in Foundations 2, Map and Geography Check.

A shaded block on the Gangetic plain marks the origin zone, 5th to 4th century BCE, with Bodh Gaya and Sarnath inside it. Coloured arrows leave that zone in three sets. Red arrows, from the 3rd century BCE, run south to Sri Lanka and then across the Bay of Bengal to the Pyu city-states, Bagan, and the Thai and Khmer mainland. Purple arrows, from the 1st century BCE or CE, run northwest through Gandhara and Bactria and then east along the Silk Road oases of Kashgar, Khotan, Kucha and Dunhuang into Han China, and later to Korea and Japan; a second purple track goes by sea to Champa, Funan and Srivijaya. Blue arrows, from the 7th century CE, leave the monastic universities of Nalanda, Vikramasila and Odantapura for Tibet, and much later for Mongolia. A pale band across Central Asia is labelled as the overland Silk Road and identified as a major conduit of transmission.

The map carries its own note: dates mark the earliest known establishment or a strong presence, not continuous dominance; the arrows are broad pathways built from pilgrimage, trade, monastic networks, translation and royal patronage rather than single journeys; and the three traditions are drawn separately for clarity even though they developed gradually and overlapped in the same regions for centuries.

The map notes that its dates mark the earliest known establishment or a strong presence rather than continuous dominance. A student who ignores that note is most likely to conclude, incorrectly, that","1","Buddhism became the majority religion of each region in the century its arrow is dated.","the three traditions differed from one another in doctrine and practice.","the Silk Road carried religious as well as commercial traffic.","Buddhism was established in Sri Lanka roughly 1,500 years before it was established in Mongolia."
"MC","","1","SOURCE: Map: the origin and spread of Buddhism across Asia

World History Encyclopedia (worldhistory.org). Used in Foundations 2, Map and Geography Check.

A shaded block on the Gangetic plain marks the origin zone, 5th to 4th century BCE, with Bodh Gaya and Sarnath inside it. Coloured arrows leave that zone in three sets. Red arrows, from the 3rd century BCE, run south to Sri Lanka and then across the Bay of Bengal to the Pyu city-states, Bagan, and the Thai and Khmer mainland. Purple arrows, from the 1st century BCE or CE, run northwest through Gandhara and Bactria and then east along the Silk Road oases of Kashgar, Khotan, Kucha and Dunhuang into Han China, and later to Korea and Japan; a second purple track goes by sea to Champa, Funan and Srivijaya. Blue arrows, from the 7th century CE, leave the monastic universities of Nalanda, Vikramasila and Odantapura for Tibet, and much later for Mongolia. A pale band across Central Asia is labelled as the overland Silk Road and identified as a major conduit of transmission.

The map carries its own note: dates mark the earliest known establishment or a strong presence, not continuous dominance; the arrows are broad pathways built from pilgrimage, trade, monastic networks, translation and royal patronage rather than single journeys; and the three traditions are drawn separately for clarity even though they developed gradually and overlapped in the same regions for centuries.

The blue Vajrayana arrows begin at Nalanda, Vikramasila and Odantapura, which were monastic universities, rather than at a founder's birthplace. This detail best supports which claim about belief systems?","2","Belief systems change only when a new founder appears.","Belief systems operated as institutions capable of generating and exporting new traditions.","Belief systems spread fastest where political authority was weakest.","Belief systems required the sponsorship of a state before they could cross a political border at all."
"MC","","1","SOURCE: Source note: the Cyrus Cylinder, Babylon, shortly after 539 BCE

The Cyrus Cylinder is a barrel-shaped clay object about 22 centimetres long, inscribed in Akkadian cuneiform and buried in the foundations of a building in Babylon shortly after Cyrus the Great took the city in 539 BCE. It is written in the first person, in the voice of the Persian king.

In it, Cyrus presents himself as chosen by Marduk, the chief god of Babylon, and describes the defeated Babylonian king as a ruler who had neglected the gods and burdened his own people. Cyrus claims to have entered the city peacefully, restored damaged sanctuaries, returned images of gods that earlier rulers had carried off to their home cities, and allowed displaced people to go back to their own settlements.

The cylinder was a foundation deposit. It was written by Babylonian scribes, in the Babylonian language, using the conventions Babylonian kings had used for centuries to announce a legitimate reign, and it was sealed into a wall rather than published.

The claims Cyrus makes in the cylinder were most useful to him as a solution to which governance problem?","4","Recruiting officials capable of administering a distant province without day-to-day supervision from the capital.","Defending a frontier against mobile pastoralist raiders.","Extracting tribute from provinces at a distance from the capital.","Making Persian rule appear legitimate to a conquered population with its own gods and traditions."
"MC","","1","SOURCE: Source note: the Cyrus Cylinder, Babylon, shortly after 539 BCE

The Cyrus Cylinder is a barrel-shaped clay object about 22 centimetres long, inscribed in Akkadian cuneiform and buried in the foundations of a building in Babylon shortly after Cyrus the Great took the city in 539 BCE. It is written in the first person, in the voice of the Persian king.

In it, Cyrus presents himself as chosen by Marduk, the chief god of Babylon, and describes the defeated Babylonian king as a ruler who had neglected the gods and burdened his own people. Cyrus claims to have entered the city peacefully, restored damaged sanctuaries, returned images of gods that earlier rulers had carried off to their home cities, and allowed displaced people to go back to their own settlements.

The cylinder was a foundation deposit. It was written by Babylonian scribes, in the Babylonian language, using the conventions Babylonian kings had used for centuries to announce a legitimate reign, and it was sealed into a wall rather than published.

Which is the strongest sourcing statement about this object?","3","The cylinder proves Cyrus was more tolerant than other ancient conquerors.","The cylinder is unreliable because all royal inscriptions are propaganda.","Written by the new king's own scribes in Babylonian convention and buried in a wall, it is better evidence for how Persian rule wished to be seen than for how it was experienced.","The cylinder is a primary source written at the time by people present in Babylon, so its account of Cyrus entering the city peacefully can be accepted as an accurate record of events."
"MC","","1","SOURCE: Source note: the Cyrus Cylinder, Babylon, shortly after 539 BCE

The Cyrus Cylinder is a barrel-shaped clay object about 22 centimetres long, inscribed in Akkadian cuneiform and buried in the foundations of a building in Babylon shortly after Cyrus the Great took the city in 539 BCE. It is written in the first person, in the voice of the Persian king.

In it, Cyrus presents himself as chosen by Marduk, the chief god of Babylon, and describes the defeated Babylonian king as a ruler who had neglected the gods and burdened his own people. Cyrus claims to have entered the city peacefully, restored damaged sanctuaries, returned images of gods that earlier rulers had carried off to their home cities, and allowed displaced people to go back to their own settlements.

The cylinder was a foundation deposit. It was written by Babylonian scribes, in the Babylonian language, using the conventions Babylonian kings had used for centuries to announce a legitimate reign, and it was sealed into a wall rather than published.

The approach to conquered peoples described in the cylinder was carried into Persian administration chiefly through","1","satrapies, whose governors collected tribute while local laws, languages and religions continued.","an examination system that recruited officials from conquered populations by merit.","the extension of Persian citizenship to the peoples of each new province.","the resettlement of conquered populations into planned administrative cities built near the imperial capital."
"MC","","1","SOURCE: Artifact: Song dynasty celadon excavated at Kilwa, East African coast

Honolulu Museum of Art, via Wikimedia Commons. Used in Foundations 4, Evidence Lab.

Chinese celadon pottery of the Song dynasty, 960 to 1279 CE, has been excavated at Kilwa on the coast of what is now Tanzania, roughly 7,000 kilometres from the kilns that produced it. Porcelain and stoneware sherds are among the most useful markers archaeologists have for this network: the glaze and body identify a kiln and a period, the material survives burial, and sherds turn up at nearly every Indian Ocean port that took part in the trade. Persian glass and Indian textiles appear in the same excavation layers at Kilwa. Gold and ivory from the African interior left through the same harbour.

Which conclusion does this evidence most strongly support?","3","Kilwa's wealth came primarily from manufacturing goods for export.","Chinese merchant fleets established permanent trading colonies along the East African coast during the Song period.","Kilwa was an active participant in an exchange system that linked East Africa to China.","East African rulers preferred Chinese goods to goods produced anywhere else."
"MC","","1","SOURCE: Artifact: Song dynasty celadon excavated at Kilwa, East African coast

Honolulu Museum of Art, via Wikimedia Commons. Used in Foundations 4, Evidence Lab.

Chinese celadon pottery of the Song dynasty, 960 to 1279 CE, has been excavated at Kilwa on the coast of what is now Tanzania, roughly 7,000 kilometres from the kilns that produced it. Porcelain and stoneware sherds are among the most useful markers archaeologists have for this network: the glaze and body identify a kiln and a period, the material survives burial, and sherds turn up at nearly every Indian Ocean port that took part in the trade. Persian glass and Indian textiles appear in the same excavation layers at Kilwa. Gold and ivory from the African interior left through the same harbour.

Which is the most significant limitation of porcelain sherds as evidence about this trade network?","2","Porcelain can be dated only to within several centuries, so the chronology remains unclear.","They show that goods arrived but not who carried them, through how many hands, or what travelled alongside them.","Porcelain rarely survives burial, so surviving sherds are unrepresentative.","Porcelain was too valuable to be traded commercially, so its presence must be explained by diplomatic gift exchange between rulers."
"MC","","1","SOURCE: Secondary source: how paper travelled

Passage written for this exam.

In 751 CE a Tang Chinese army and an Abbasid army met at Talas, in Central Asia, and the Tang force was defeated. Among the prisoners were craftsmen who made paper, a material so ordinary in Chang'an that it was used for tax records, poetry drafts and wiping tables. Paper mills appear at Samarkand soon afterward, and paper is documented at Baghdad by 794 CE. Within a generation the Abbasid translation movement was copying Greek, Persian and Indian works at a scale that papyrus and parchment had never permitted: a parchment codex required the skins of a herd, while paper could be made from rags and plant fibre almost anywhere there was water. Paper reached Christian Europe through Islamic Spain around 1150 CE, three centuries before Gutenberg's press.

Nothing about this transfer required a merchant to travel from China to Iraq. The overland routes worked as a relay: goods and people moved from one oasis city to the next, changing hands at each stage, with a Chinese trader selling to a Sogdian, a Sogdian to a Persian, a Persian to an Arab, and each intermediary taking a margin and assuming the risk of the next leg. What moved along the relay was whatever the people on it happened to be carrying, including skills, texts, seeds and disease.

The passage best supports which generalization about technology transfer?","4","Technology moved most readily between societies that shared a religion, since religious networks supplied the trust and the shared language technical exchange required.","Technology moved westward from China but almost never in the other direction.","Technology moved only where states deliberately sponsored its transfer.","Technology moved through conflict as well as through commerce, and often by way of ordinary practitioners rather than officials or scholars."
"MC","","1","SOURCE: Secondary source: how paper travelled

Passage written for this exam.

In 751 CE a Tang Chinese army and an Abbasid army met at Talas, in Central Asia, and the Tang force was defeated. Among the prisoners were craftsmen who made paper, a material so ordinary in Chang'an that it was used for tax records, poetry drafts and wiping tables. Paper mills appear at Samarkand soon afterward, and paper is documented at Baghdad by 794 CE. Within a generation the Abbasid translation movement was copying Greek, Persian and Indian works at a scale that papyrus and parchment had never permitted: a parchment codex required the skins of a herd, while paper could be made from rags and plant fibre almost anywhere there was water. Paper reached Christian Europe through Islamic Spain around 1150 CE, three centuries before Gutenberg's press.

Nothing about this transfer required a merchant to travel from China to Iraq. The overland routes worked as a relay: goods and people moved from one oasis city to the next, changing hands at each stage, with a Chinese trader selling to a Sogdian, a Sogdian to a Persian, a Persian to an Arab, and each intermediary taking a margin and assuming the risk of the next leg. What moved along the relay was whatever the people on it happened to be carrying, including skills, texts, seeds and disease.

According to the passage, what is the mechanism linking the capture of papermakers at Talas to the scale of the Abbasid translation movement?","1","Paper could be produced from rags and plant fibre, which made copying texts far cheaper than parchment allowed.","The prisoners were scholars who brought Greek and Indian works with them.","Abbasid rulers taxed paper and used the revenue to fund translation.","Paper was more durable than parchment, so a far greater number of Greek and Indian texts survived long enough to be translated."
"MC","","1","SOURCE: Secondary source: how paper travelled

Passage written for this exam.

In 751 CE a Tang Chinese army and an Abbasid army met at Talas, in Central Asia, and the Tang force was defeated. Among the prisoners were craftsmen who made paper, a material so ordinary in Chang'an that it was used for tax records, poetry drafts and wiping tables. Paper mills appear at Samarkand soon afterward, and paper is documented at Baghdad by 794 CE. Within a generation the Abbasid translation movement was copying Greek, Persian and Indian works at a scale that papyrus and parchment had never permitted: a parchment codex required the skins of a herd, while paper could be made from rags and plant fibre almost anywhere there was water. Paper reached Christian Europe through Islamic Spain around 1150 CE, three centuries before Gutenberg's press.

Nothing about this transfer required a merchant to travel from China to Iraq. The overland routes worked as a relay: goods and people moved from one oasis city to the next, changing hands at each stage, with a Chinese trader selling to a Sogdian, a Sogdian to a Persian, a Persian to an Arab, and each intermediary taking a margin and assuming the risk of the next leg. What moved along the relay was whatever the people on it happened to be carrying, including skills, texts, seeds and disease.

The passage's description of the relay best explains why","2","Silk Road goods were more expensive at each successive stage of the route.","the same routes that carried cargo also carried skills, religions, crops and disease.","no state along the overland routes was able to tax the trade passing through it effectively.","Chinese merchants controlled the profits of the entire overland network."
"MC","","1","SOURCE: Data: six regions at c.1200 CE

Table compiled for this exam from the Foundations unit.

Region | Scale the unit records | An institution operating by c.1200 | Principal exchange network

Song China | Lin'an (Hangzhou) approaching 1.5 million; population over 100 million | Civil service examination; government-issued paper money | Indian Ocean, through Quanzhou

Dar al-Islam | Not given | Madrasas funded by permanent waqf endowments | Silk Roads, Indian Ocean and trans-Saharan

East Africa | Not given | Swahili coast port city-states such as Kilwa | Indian Ocean

West Africa | Not given | Mali consolidating control of trans-Saharan gold routes | Trans-Saharan

The Americas | Cahokia 10,000 to 20,000, the largest city north of Mexico | Post-Toltec Mesoamerican city-state competition | Regional networks reaching the Gulf Coast

Europe | Not given | First universities: Bologna 1088, Paris c.1150, Oxford c.1167 | Mediterranean

The table best supports which claim about the world at c.1200?","1","The largest cities and the densest commercial institutions lay in Asia and Africa rather than in Europe.","Regions that founded universities developed faster than regions that relied on other kinds of religious school.","The Americas were the only region without complex political organization.","All six regions were joined into a single exchange network."
"MC","","1","SOURCE: Data: six regions at c.1200 CE

Table compiled for this exam from the Foundations unit.

Region | Scale the unit records | An institution operating by c.1200 | Principal exchange network

Song China | Lin'an (Hangzhou) approaching 1.5 million; population over 100 million | Civil service examination; government-issued paper money | Indian Ocean, through Quanzhou

Dar al-Islam | Not given | Madrasas funded by permanent waqf endowments | Silk Roads, Indian Ocean and trans-Saharan

East Africa | Not given | Swahili coast port city-states such as Kilwa | Indian Ocean

West Africa | Not given | Mali consolidating control of trans-Saharan gold routes | Trans-Saharan

The Americas | Cahokia 10,000 to 20,000, the largest city north of Mexico | Post-Toltec Mesoamerican city-state competition | Regional networks reaching the Gulf Coast

Europe | Not given | First universities: Bologna 1088, Paris c.1150, Oxford c.1167 | Mediterranean

Which conclusion goes beyond what this table can show?","4","Kilwa and Mali owed their positions to different exchange networks.","The unit records population figures for some regions and not for others.","Song China had commercial institutions that none of the other regions in the table are recorded as having.","Europe's new universities already gave it an intellectual advantage over Dar al-Islam by c.1200."
"MC","","1","CAUSATION. Which of the following is the strongest causation statement about the rise of the first river-valley civilizations?","3","The first civilizations arose in Mesopotamia along the Tigris and Euphrates, in Egypt along the Nile, in the Indus valley, and along the Huang He in northern China, all within a span of roughly two thousand years.","The first river-valley civilizations were among the most important developments in world history.","Annual floods deposited fertile soil that produced grain surpluses, which freed part of the population from farming and made specialized labour, government and the first cities possible.","Because geography determines the course of human history, civilization had to begin in river valleys."
"MC","","1","CAUSATION. Which of the following is a valid causation statement about the Plague of Justinian, rather than a statement of correlation or of consequence alone?","2","The Plague of Justinian and the peak of Indian Ocean grain shipping into Egypt both occurred during the sixth century CE, within a few decades of one another.","Grain ships carried rats, whose fleas carried the plague bacillus, so the network that fed Constantinople also delivered the epidemic that emptied it.","The Eastern Roman Empire lost an estimated 25 to 50 million people to the plague.","Long-distance trade networks always endanger the societies that build them."
"MC","","1","CONTINUITY AND CHANGE OVER TIME. Which of the following is the strongest CCOT statement about Afro-Eurasian trade across the year 1200?","4","Trade after 1200 was more advanced than trade before 1200.","Everything about Afro-Eurasian trade changed once the Mongols unified the steppe and opened a single secure corridor running from the Pacific to the Black Sea, so that the commerce of the previous era no longer resembled what came after it in any important respect.","Afro-Eurasian trade did not really change, because merchants had always moved goods between distant regions.","The Silk Roads, the Indian Ocean system and the trans-Saharan routes were already centuries old by 1200, so what changed afterward was the political security, volume and speed of exchange rather than the existence of the networks themselves."
"MC","","1","COMPARISON. Which of the following is the strongest comparison statement about how Achaemenid Persia and Han China administered their territories?","3","Persia governed through satrapies whose governors collected tribute for the King of Kings, while Han China governed through a bureaucracy of officials increasingly selected for their education rather than for their noble birth, and both empires maintained road systems that carried armies and official messages across great distances.","Persia and Han China were both large ancient empires ruled by a single monarch.","Both had to administer populations far from the capital, but Persia delegated to satraps who left local law and religion intact while the Han centralized through officials trained in one curriculum, so Persia purchased stability with local autonomy and the Han purchased it with uniformity.","Persia was more tolerant than Han China, which made it the more successful empire."
"MC","","1","CONTEXTUALIZATION. Which of the following performs contextualization for an argument about Song China's prosperity, rather than merely introducing the topic?","2","Song China existed during a long period of Confucian tradition in East Asia, a tradition that had shaped Chinese government, family life, education and law since the Han dynasty and that went on shaping them under the Song and for centuries afterward.","When Jurchen Jin forces drove the Song court south in 1127, they placed the government in the Yangtze Delta, the world's most productive wet-rice zone, where double-cropped Champa rice fed a population approaching 100 million and customs revenue at Quanzhou funded the state.","Song China was one of many important civilizations that students of world history study, alongside the Islamic caliphates, the kingdoms of West Africa, the states of South and Southeast Asia, and the societies of the Americas.","This response will explain the reasons for Song China's prosperity at c.1200."
"MC","","1","SOURCING. A historian examines the Catalan Atlas, drawn in Mallorca in 1375, which shows Mali's Mansa Musa enthroned holding a gold nugget as a camel-mounted Saharan trader approaches. Which of the following is the strongest sourcing statement?","1","Because a European mapmaker drew it in Mallorca decades after Mansa Musa's reign, the atlas is stronger evidence for how Mali's wealth was understood in Mediterranean Europe than for practice at the Malian court.","The atlas cannot be trusted, because Europeans knew little about West Africa.","The atlas is a primary source from the period, so its depiction of the Malian court can be taken as accurate.","The atlas proves that the ruler of Mali personally controlled most of the gold circulating in the medieval world, since a European mapmaker with access to merchant reports chose to depict him enthroned and holding a nugget of it."
"MC","","1","ARGUMENTATION. Which of the following is a defensible thesis about Afro-Eurasian trade before c.1200, rather than a summary or a description?","4","The Silk Roads were one of the most important developments in all of world history.","Trade networks before c.1200 moved goods, people, ideas, crops and diseases across Afro-Eurasia, connecting societies from the Mediterranean and West Africa to South Asia, Southeast Asia and China, in some cases over distances of many thousands of kilometres.","Three major networks connected Afro-Eurasia before c.1200: the Silk Roads, the Indian Ocean system and the trans-Saharan routes.","Between roughly 300 and 1200 CE the most consequential cargo on Afro-Eurasian routes was institutional rather than material, since shared commercial law and portable credit expanded exchange more than any single commodity did."
"MC","","1","CAUSATION. Which of the following best explains why the Han suppression of the Yellow Turban Rebellion contributed to the dynasty's collapse by 220 CE?","3","The rebellion of 184 CE killed the Han emperor and left no successor.","The Han had lost the Mandate of Heaven, which caused the dynasty to fall.","To defeat a rising of some 400,000 peasants the Han empowered regional warlords, whose private armies then became the instruments that broke the empire apart.","The rebellion of 184 CE was caused by over-taxation, corruption at the imperial court, and the decay of the flood-control works on which peasant agriculture depended."
